[
  {
    "doctype": "State",
    "country": "India",
    "state": "Delhi",
    "state_code": "DEL",
    "name": "Delhi-DEL",
    "docstatus": 0,
    "modified": "2025-12-20 14:28:20"
  },
  {
    "doctype": "State",
    "country": "India",
    "state": "Haryana",
    "state_code": "HAR",
    "name": "Haryana-HAR",
    "docstatus": 0,
    "modified": "2025-12-20 14:28:20"
  },
  {
    "doctype": "State",
    "country": "India",
    "state": "Punjab",
    "state_code": "PUN",
    "name": "Punjab-PUN",
    "docstatus": 0,
    "modified": "2025-12-20 14:28:20"
  },
  {
    "doctype": "State",
    "country": "India",
    "state": "Chandigarh",
    "state_code": "CHA",
    "name": "Chandigarh-CHA",
    "docstatus": 0,
    "modified": "2025-12-20 14:28:20"
  },
  {
    "doctype": "State",
    "country": "India",
    "state": "Himachal Pradesh",
    "state_code": "HIM",
    "name": "Himachal Pradesh-HIM",
    "docstatus": 0,
    "modified": "2025-12-20 14:28:20"
  },
  {
    "doctype": "State",
    "country": "India",
    "state": "Jammu & Kashmir",
    "state_code": "JAM",
    "name": "Jammu & Kashmir-JAM",
    "docstatus": 0,
    "modified": "2025-12-20 14:28:20"
  },
  {
    "doctype": "State",
    "country": "India",
    "state": "Uttar Pradesh",
    "state_code": "UTT",
    "name": "Uttar Pradesh-UTT",
    "docstatus": 0,
    "modified": "2025-12-20 14:28:20"
  },
  {
    "doctype": "State",
    "country": "India",
    "state": "Uttaranchal",
    "state_code": "UTT",
    "name": "Uttaranchal-UTT",
    "docstatus": 0,
    "modified": "2025-12-20 14:28:20"
  },
  {
    "doctype": "State",
    "country": "India",
    "state": "Rajasthan",
    "state_code": "RAJ",
    "name": "Rajasthan-RAJ",
    "docstatus": 0,
    "modified": "2025-12-20 14:28:20"
  },
  {
    "doctype": "State",
    "country": "India",
    "state": "Gujarat",
    "state_code": "GUJ",
    "name": "Gujarat-GUJ",
    "docstatus": 0,
    "modified": "2025-12-20 14:28:20"
  },
  {
    "doctype": "State",
    "country": "India",
    "state": "Daman & Diu",
    "state_code": "DAM",
    "name": "Daman & Diu-DAM",
    "docstatus": 0,
    "modified": "2025-12-20 14:28:20"
  },
  {
    "doctype": "State",
    "country": "India",
    "state": "Dadra & Nagar Haveli",
    "state_code": "DAD",
    "name": "Dadra & Nagar Haveli-DAD",
    "docstatus": 0,
    "modified": "2025-12-20 14:28:20"
  },
  {
    "doctype": "State",
    "country": "India",
    "state": "Maharashtra",
    "state_code": "MAH",
    "name": "Maharashtra-MAH",
    "docstatus": 0,
    "modified": "2025-12-20 14:28:20"
  },
  {
    "doctype": "State",
    "country": "India",
    "state": "Goa",
    "state_code": "GOA",
    "name": "Goa-GOA",
    "docstatus": 0,
    "modified": "2025-12-20 14:28:20"
  },
  {
    "doctype": "State",
    "country": "India",
    "state": "Madhya Pradesh",
    "state_code": "MAD",
    "name": "Madhya Pradesh-MAD",
    "docstatus": 0,
    "modified": "2025-12-20 14:28:20"
  },
  {
    "doctype": "State",
    "country": "India",
    "state": "Chhattisgarh",
    "state_code": "CHH",
    "name": "Chhattisgarh-CHH",
    "docstatus": 0,
    "modified": "2025-12-20 14:28:20"
  },
  {
    "doctype": "State",
    "country": "India",
    "state": "Bihar",
    "state_code": "BIH",
    "name": "Bihar-BIH",
    "docstatus": 0,
    "modified": "2025-12-20 14:28:20"
  },
  {
    "doctype": "State",
    "country": "India",
    "state": "Andhra Pradesh",
    "state_code": "AND",
    "name": "Andhra Pradesh-AND",
    "docstatus": 0,
    "modified": "2025-12-20 14:28:20"
  },
  {
    "doctype": "State",
    "country": "India",
    "state": "Pondicherry",
    "state_code": "PON",
    "name": "Pondicherry-PON",
    "docstatus": 0,
    "modified": "2025-12-20 14:28:20"
  },
  {
    "doctype": "State",
    "country": "India",
    "state": "Karnataka",
    "state_code": "KAR",
    "name": "Karnataka-KAR",
    "docstatus": 0,
    "modified": "2025-12-20 14:28:20"
  },
  {
    "doctype": "State",
    "country": "India",
    "state": "Tamil Nadu",
    "state_code": "TAM",
    "name": "Tamil Nadu-TAM",
    "docstatus": 0,
    "modified": "2025-12-20 14:28:20"
  },
  {
    "doctype": "State",
    "country": "India",
    "state": "Kerala",
    "state_code": "KER",
    "name": "Kerala-KER",
    "docstatus": 0,
    "modified": "2025-12-20 14:28:20"
  },
  {
    "doctype": "State",
    "country": "India",
    "state": "Lakshdweep",
    "state_code": "LAK",
    "name": "Lakshdweep-LAK",
    "docstatus": 0,
    "modified": "2025-12-20 14:28:20"
  },
  {
    "doctype": "State",
    "country": "India",
    "state": "West Bengal",
    "state_code": "WES",
    "name": "West Bengal-WES",
    "docstatus": 0,
    "modified": "2025-12-20 14:28:20"
  },
  {
    "doctype": "State",
    "country": "India",
    "state": "Sikkim",
    "state_code": "SIK",
    "name": "Sikkim-SIK",
    "docstatus": 0,
    "modified": "2025-12-20 14:28:20"
  },
  {
    "doctype": "State",
    "country": "India",
    "state": "Andaman Nicobar",
    "state_code": "AND",
    "name": "Andaman Nicobar-AND",
    "docstatus": 0,
    "modified": "2025-12-20 14:28:20"
  },
  {
    "doctype": "State",
    "country": "India",
    "state": "Orissa",
    "state_code": "ORI",
    "name": "Orissa-ORI",
    "docstatus": 0,
    "modified": "2025-12-20 14:28:20"
  },
  {
    "doctype": "State",
    "country": "India",
    "state": "Assam",
    "state_code": "ASS",
    "name": "Assam-ASS",
    "docstatus": 0,
    "modified": "2025-12-20 14:28:20"
  },
  {
    "doctype": "State",
    "country": "India",
    "state": "Arunachal Pradesh",
    "state_code": "ARU",
    "name": "Arunachal Pradesh-ARU",
    "docstatus": 0,
    "modified": "2025-12-20 14:28:20"
  },
  {
    "doctype": "State",
    "country": "India",
    "state": "Meghalaya",
    "state_code": "MEG",
    "name": "Meghalaya-MEG",
    "docstatus": 0,
    "modified": "2025-12-20 14:28:20"
  },
  {
    "doctype": "State",
    "country": "India",
    "state": "Manipur",
    "state_code": "MAN",
    "name": "Manipur-MAN",
    "docstatus": 0,
    "modified": "2025-12-20 14:28:20"
  },
  {
    "doctype": "State",
    "country": "India",
    "state": "Mizoram",
    "state_code": "MIZ",
    "name": "Mizoram-MIZ",
    "docstatus": 0,
    "modified": "2025-12-20 14:28:20"
  },
  {
    "doctype": "State",
    "country": "India",
    "state": "Nagaland",
    "state_code": "NAG",
    "name": "Nagaland-NAG",
    "docstatus": 0,
    "modified": "2025-12-20 14:28:20"
  },
  {
    "doctype": "State",
    "country": "India",
    "state": "Tripura",
    "state_code": "TRI",
    "name": "Tripura-TRI",
    "docstatus": 0,
    "modified": "2025-12-20 14:28:20"
  },
  {
    "doctype": "State",
    "country": "India",
    "state": "Jharkhand",
    "state_code": "JHA",
    "name": "Jharkhand-JHA",
    "docstatus": 0,
    "modified": "2025-12-20 14:28:20"
  }
]